id,name,boat_id,phone,email
1,Maverick Morrow,15,202-555-0459,MaverickMorrow@mail.com
2,Salahuddin Larsen,14,202-555-0100,SalahuddinLarsen@mail.com
3,Aman Marks,13,202-555-0788,AmanMarks@mail.com
4,Reyansh Ho,12,202-555-0269,ReyanshHo@mail.com
5,Omari Randall,11,202-555-0653,OmariRandall@mail.com
6,Holly Welsh,10,202-555-0109,HollyWelsh@mail.com
7,Emre Sheehan,9,202-555-0199,EmreSheehan@mail.com
8,Zain Marsden,8,202-555-0764,ZainMarsden@mail.com
9,Dulcie Daniel,7,202-555-0060,DulcieDaniel@mail.com
10,Wiktor Keeling,6,202-555-0900,WiktorKeeling@mail.com
11,Gemma Carlson,5,202-555-0406,GemmaCarlson@mail.com
12,Hannah Barlow,4,202-555-0255,HannahBarlow@mail.com
13,Conan Reeves,3,202-555-0967,ConanReeves@mail.com
14,Arwa Riley,2,202-555-0263,ArwaRiley@mail.com
15,Herman Tillman,1,202-555-0351,HermanTillman@mail.com